Link,Price,Discount,Number of Ratings,Number of Reviews,Store Rating,Number of Store Followers,Available Coupons,Average Rating
https://tka.tiki.vn/pixel/pixel?data=39BBcSrdOpiPMn73WluX2qq6bc4Jz6Tt-ViMwOKf9LOyu5AKEo3b-_lQ9mQIGHu5PUglAxm7IH6N_Yojwrax0-Y3b8mNndFKPWsgXcm6mtHi9ozzMW3Ibf1c57eltDYigsYtZ_iVmhKkRWEpBILO8NLTcPgk0h5kpFFfVFP8r8FeSwgENRfAo0ydrTYZ5s8mA2ElcYO5utag4KVq0cbgapZ6Vx-rNtwZBL2i_YHx3oZech7JjaSvlVRAZYBoIvwg_HaRxWHsJMzh1gisCUD-LjSq7JDRip5Mpy9GAYJzI8vCN4NhaJY2l9oReooS2CYFNG39Xyog-1pfhNxYGA81sa5LrXIKtvvGYMEM5Sfap5wlMBTV_1yIrnfFazfgwTYJo_tAM497znBZWZup5fXWF4om2Tyqx9s2aZfiKJsdhA7edywVYJS6ASnV9pA96yKLZD25-i43rBXa7RKZFI701RBS4McPbBPQ7qQqHp2Us7GzgWm-gI-D6FH8U05qC9hJPOwSDjum3wh7t31vHkE2agpACccfj-ireuhUCBE0xi6uu3kEEr-QozpnBqU34Kvow4NQBw14YllPHarG5e35IJg6RMuMci3AD7_S-OzUrlmtz189Oe1SL6pSbTHAJslQYTqEPRDAHaWEeAyeqCZ7nJ-RsKWqigCV6ZQlBFJ2JNJudfVDKnilQIciVndaC4hg0TU_vLaGhR00jj4BRr6T0q44XS683fql-UomZdx6IxsZyW3cIgMev5Qjn2uvvPzoN6f6hxiKENdfKloRrbACvSQ1lJPMkObe-eFG9IINDuLki6viI3EthmgNdFnaJHUiUZ8a1qoe1BUEVRlwxCvQIUB7BpwKXROTMiAdrU4T6tbQjomNaWZSQ1iK4J44FmMdzqAP9jUMYq-xb6e5qaQvueR0107iSYJEaAE0d_JLyfmfiQmz2YGUwPQpQkedugoUwGYePtV1nybfOkL4FFBEPsuxFm_lzJSLXyKi4UY3fpr0MUyQHycPktrpY3T342Mb6BgRuzpC0TVhC_AWPtxFa69wVzL2aUQZHFFHKuldUTBD5kvG96eEsfpj1eYTXsZP0ppD5RGikFP5vVKNpzr5ZzSgvJQymPK3FAP5oihAHy3vnHFp4INY0pocr6qiimMIL6NOD-UymK444vTv5yBOd0XckiUfNUsIcV-qgf7Wy6PaSn96jFzSp9T7KLlUjEv_Q3bRt1ofDQ7zj3Ba9nX8mMEtIAxqgFzapLXcZMYHMMg94QHta6TYN1GjN2_TydawHRtQs9sgrKXL3_CNV7wT3hhjSkCiNaLZOJvmYwG1K4L5LBOPgcP-xiIEeBBin3ieFwMVjpAhKmvlw9650oBAJ9ygJ3QMLo5at7wfX3zpwAFphe32pY5qjbNgwiz8VULw_i83KHkhCdbsAXy0IpRHDjNRrl-KifDYEsELUrhV0FdPIrd0dLSdPAB5k9Aq3uPo-JFg0ON1gPyjrNHOd0K1nmTQR9D6pWBRkkMGXLXh8jlsbjgLpEM1bb5nOishIrn6X7YN_LAUAlX5vqkwGSfG2iJ8lJz7r8hI-aygVlGOIa8XuqD1iX2sgzxuieow09xfMSWMhNPqKbcrMCKnk7SLSSGM3I7VDtL3KYrwEKPlaprc_cT02UVXM2Z0aSN-hWeVtojZVWHt4_wXpOUixuLFxRPZtxQ4WepF6phHUP_F5QMkG6aUT8tFEbow0sN99Ze6W8MBIIH4FFvY_tPq-mSh7Srcy_6eGmz73f8-YFC8wGyS_abrj13HJ1ya7KCcA3KJBd368t6tvvTCgdpGgSchyaqqi0_vEBT-3yKtzx6dIbeEAXcqusMI3Aq-7mouvxAkojkIf_xdudWL90coLmDr1G9itLLw1yh5C18dyy0AaRPDZEO4dEtneG8pJDXBz0PD9Hc-T_-IxOTKfIrYRWRZ_Q_tOXEcbJzzSKQcvjqtllSDH4-62QnuxAVoRUf__MeucrGQcLJhfhF_BmKPk2fe21vJgQ&pos=3&reqid=2Y1uyEbgquYr91oM&type=CLICK,265.000 ₫,-41%,78,186,4.6,238,1,4.7
https://tiki.vn/internet-tet-ga-1-ty-gb-sim-4g-mobifone-khong-gioi-han-dung-luong-goi-ed60-60k-thang-hang-chinh-hang-p204810476.html?itm_campaign=tiki-reco_UNK_DT_UNK_UNK_tiki-listing_UNK_p-category-mpid-listing-v1_202303230600_MD_batched_PID.204810477&itm_medium=CPC&itm_source=tiki-reco&spid=204810477,265.000 ₫,-41%,78,186,4.6,238,1,4.7
https://tiki.vn/de-tan-nhiet-laptop-may-tinh-xach-tay-h9-co-den-led-6-quat-giup-lam-mat-nhanh-bao-ve-may-tinh-ma-khong-gay-on-p78940158.html?itm_campaign=tiki-reco_UNK_DT_UNK_UNK_tiki-listing_UNK_p-category-mpid-listing-v1_202303230600_MD_batched_PID.78940159&itm_medium=CPC&itm_source=tiki-reco&spid=78940159,265.000 ₫,-41%,78,186,4.6,238,1,4.7
https://tiki.vn/loa-bluetooth-5-0-robot-rb150-man-hinh-led-kiem-dong-ho-bao-thuc-ho-tro-cong-aux-the-nho-hang-chinh-hang-p73639668.html?itm_campaign=tiki-reco_UNK_DT_UNK_UNK_tiki-listing_UNK_p-category-mpid-listing-v1_202303230600_MD_batched_PID.73639670&itm_medium=CPC&itm_source=tiki-reco&spid=73639670,265.000 ₫,-41%,78,186,4.6,238,1,4.7
https://tiki.vn/tai-nghe-bluetooth-cam-ung-cao-cap-tich-hop-sac-du-phong-2500mah-bass-cuc-hay-khang-nuoc-ipx7-gia-do-dien-thoai-f9-pro-p181361823.html?itm_campaign=tiki-reco_UNK_DT_UNK_UNK_tiki-listing_UNK_p-category-mpid-listing-v1_202303230600_MD_batched_PID.189475954&itm_medium=CPC&itm_source=tiki-reco&spid=189475954,265.000 ₫,-41%,78,186,4.6,238,1,4.7
https://tiki.vn/combo-10-quan-lot-nam-nhieu-lung-nhieu-mau-hieu-cm-p73365866.html?itm_campaign=tiki-reco_UNK_DT_UNK_UNK_tiki-listing_UNK_p-category-mpid-listing-v1_202303230600_MD_batched_PID.73365868&itm_medium=CPC&itm_source=tiki-reco&spid=73365868,265.000 ₫,-41%,78,186,4.6,238,1,4.7
https://tiki.vn/combo-3-quan-sip-dui-nam-set-3-quan-lot-boxer-nam-aristino-chat-lieu-cotton-khang-khuan-khu-mui-co-gian-4-chieu-tham-hut-mo-hoi-cuc-tot-abx03707-p144162512.html?itm_campaign=tiki-reco_UNK_DT_UNK_UNK_tiki-listing_UNK_p-category-mpid-listing-v1_202303230600_MD_batched_PID.144162514&itm_medium=CPC&itm_source=tiki-reco&spid=144162514,265.000 ₫,-41%,78,186,4.6,238,1,4.7
https://tka.tiki.vn/pixel/pixel?data=tD43FhMFNQLLg84hPmOLlOtVlVE4imp848WKtDDxV_1Yz03XNWg098Bv86qpqrEaIneuLrUNn3hU3P8KwNP49IJoXwTLGF9OrWnPaEynR_pgC2Ts3xhq5UwdPRJj2odH7YVnVO1_gmZ_KxqkZFlW0HDZ5frHcktYIXv9U24ta7jGVv0EFusD_UxRiC3dsF3Q4DyMd5ehVBx5duQyCYl9YGW9Ru78M9cvXgWP0Uf1e78C-emKNAiW1Clw4NcF8DdEMNjhNts_lhZv8v82ArFYE8DOcT2-dmyuwTAsn-ELwsONmIxjHvsd5zvs4T6kl0FoPJFN3SUVfTNBIcBhCFwJVXLo1SkkfbgdyE8O_fjvGfllb0P0YbgeXNfR9V0HWOMnUR9LEgul69Qh5wnignwU2NXL6QAyh966znd0yVdA_el8YPOS5s6LQx4H5xY5cZMWQYVnKPBGPIUzkAkUkgODT72-WhQLoYs6L2gwIW_3zNKnNDnAjVLckM91EFaYUNczBZLqRWZB4pzwJlafbSNtwVL4tJJu8ltbUFaBHcldfGG_ckvMTmHZ71muHNLt-fm1agt0kjm1T_qT8gkwkhQeMEo_hHnmWdMw3adyPb7y8qNqFT8-VcnAighSLoNqjMfDOmYux_1IZV7UvcBMg6JNgGnrTX2Mp60lVfGDoUAQ1-FBJbApSH03VHPw6OI6gOF-gyRVjjo35lITpwriQUV1m_D2zdQWTDm6tUUY_FcYV9X1bL0WXe26he-5-GfImq9e6_WWVzi2kCExXXI5K99zF7KHdu9wfe2a20pXXig9yZv7bFR8a7mhcGteyE_kkJyBtC8bPnT8s-gFSYxlRWPFMt_CZJumO2i1Bl3JQ9o_kx9JVjGaQg7B761zKMg-DfjjOSfkAmozqTDQsLVlI7ZgVP9Aa3oNbU4dDcxz4IJjrivynAjxYEiYlMzaB24Jf3BO72AR8XCw6NluWgNgsO6Y8pcnJTv7bEL9qpPbWiAM3ibAbjOytYLt2BB3NadMJMkhDSa2VH6CEBAVP7QnT7JYV4odUWN3eALjyBiTZ2B_oh8vBaXE4n5Rd7YHooG3f04ha87NKlCR1feMilZ81v4dxusyNDCZvsKzL9Nfe9QodtYBSNoTRo5yQEqdEMVnF6feYsIEnJyzkLVUhsv4wCM-Bcdf2F8PE6umIiVJYeCNq17Yh1q7ncD4uda6ioXk-P_7RmPkdZ-mCH9mmqrZMAHoYchGWS0l36vOLrgAREa_jHprlvA_snRucxwHrNi6WBrfPTOZnqXUIr_12o3CrXWUFkMTD4FeC0jbATPN8fD_ed-34obBxud4OrtJdmaNRzT8X4QsYOPdEppEtxhLs0tEIH1_iQ6PALK4qD0lQFvjuK-2Q53ShlsFmVo72Jk44JNNPL2BWEGj8G4bVXFAiupIKXUJuk_W_1zGRD8ruSm1TyCd8NUmd6RzYxrYfg7oDd3z86FSWY5nbpiDtfhnTyaWKl3WWN7YFQ3_6t6X1oDMN1m5b16TrU1peieyL3hX6u88drRZqQFBLFGBcUivn0HDoL9Urq6ezOB-8S0ZByC8dBMej8HuU4otPOrgpCJVGkOhUM_RpvU8yJd2Wf8ZwtaXbHhz-VongJ8eOZcDS98o6dMECGhK6KiTWocfLVhKckl9iqiyDcGOxLKvW9TGqlGwOO4J1yDytQzFCLZjcd7P0No4MCT5pGgrMQUHgD0BV5Rlb_-d1sUSL9mlQU8aMTFU-OYXmJTueY0Mwfqy2fcI1yPMrO_Z44v6E4cNfwYcbjy2ffVc_KY&pos=4&reqid=9cLfZlAnl5QuMqyX&type=CLICK,265.000 ₫,-41%,78,186,4.6,238,1,4.7
https://tka.tiki.vn/pixel/pixel?data=ECYQG_UggzG-zG1pTXVt6DsmlkqX6ooo037PTM4jS1Aefer3fRCkDea2D3PggrGUPVHpGCp7JqTEJ3jYn0Q_r0cFEd29Cc6R83GMClai9F6eIjS1vdV0_8XLa3WoO2wwDQXlPytlV087qwJsLNZit6u-ef4fWCuAFUMN3Wvq_c9nJ_sBFI1BT6VCtURnaw_f6DvGuwBYCpErjIABF7bE8tqKUO9LOMb8NJkjymXwkju6Fa3limU-ACjjHAjPQw7jBtSJEZSZbwHINtQ5BV2pjfv6DdgnNd5HrVuAXt-p92EPz4d6UAmuGp4gGcohqqlKwhZ5uMP-XMNxBkwlxlBnO1TO6P2uH0CtTf-fCPg6saD2asjoCaJ4bSVd-_jxExubMiJUUOnNl4a7kRK9w-_qV2EaeI-rfZ71x8eKx4TXL_FVwiV-V2GlyGg0OH8zWkcDdVRyKJ6yaXogLuBabhsThSKRtwc5Asyc39wc8sPy1ouQ8DkJb6aChZgPJQSPKoBysIAo-Bk8UAFk5cp3Puty6HrG1nlQF5_Lebq-C9Z3nCchMvJs_N0OULfMMAyH1ym_UfqTMVdxWMNUxkk7-1MXLLxUw5ONWopBwo5KHlpX_bIVgSQWWGsJmlD_PNM-OAkkyDn4RFWqygO-tQOs-1JpskQa-ZGtqUX6kaIy8Vyyqo9NT7UkONrwZ3vgmcLL-BOQzBTJ9H5cz2EhrB2Bgp07o7S9JNeEU5nhv4ygMhDqZEeXT0l5ncPlyY8q2s90R3_UTbUALi8ARrqjznCJse9TJYTVm2phQT1CBqy7DqcrVO7i5dwacTMS548l7naF0H5VAxAxAFud_NQ-C84Md32cioXXbqamReBLAZlxoEAm6V9y3fze0sgdjvxwn3B7_1H6b7ehC7hEYc4wa3-Qt8xXx7POhv9QVFQxF7gmsU6IMSiFneFhLn0h3eDNbLRvibA_ZI3aEXESFELnF5qjbdcHHYVrZo_bNzHRXSLrjLecMKPqV12GAck_C5kUf5TsqB0uXTp9omtVOUWrdTlzRWoGyPWDE30bKVRnTdbYJcnUMzLh2Ipp3Q_HIu6J72vdAwZ7_k9Rvjcu7lOINIxQKkq8WSeXKUD9VInG-D8aE6TfM75OJ3V0IgnFyhg4V2iL2x0eNf4D0PIxao1-5ebH4bMSlKIIaFLhfZKG6WOxwhOWYbvDaYHGYkxktrHSxt17SsaTp51p-UgkWTdZoCMUo-sUbG7c1iEDkaIqxm-jjYOUS0ObZgLvIXIZCRe8RwXpDTGOWch2RTj41-sILQnUqYRlOzo9cGfF_v0FPlFHTxMulkUNPWVc_rLw-3gIxPweHndIyJSlFsezaXBVwINztV8PUB1tC239fwdgeAebxC-4e2tBp7hcH-wK8dFBf4xK3rYa-kO6OUItl1MQT6iUowYraxAeuIPOM_9TTEuO3i2OiR7AXab3p7QQ7fnLUsT-UIwLHBHPT8g1YjY6b6X3XMk5zxYqUfz31XpLKiiuqR_1uobulou-Bpl5SE2bmAUyL8soZ5UthZtMgWnYCFYq17_IpJktVuo30Me4KIDtJnlTbIGjMuiBDQwOH3iaC41MJ_y-WH9GKJB03FVk52WjFYfLWnvGbUlmGqGhPZ56v4GxqypGdxRXRtLwZv3BVvBeRxu--1g8O3JA7cWa3JSFG984y-oBJJfch0YGII3yZTVPo0dwCLKkpvcpUfswnLXa8Rp6fLXedQ8HcXk7NCsmlRtQBbypuKJ1jgKk5aXRSO8_6zBd4o7CfduC_CQHo79XNyT-NbieOGtPHTLFBDyApDnOcP1s7qpb9mgk-Yg3fk__ggPAMujKX1xBFW3mmb7Ezcwum2dxv1gTzkRl4bUOV9aAlTHpB4a1tFc-CVkpz8VR3f7D1X7sAUBSoQZrcl9kSoZvLkAmq30hsH7Il-aiWaGyQfFfY_7z7mFXKtEfjQZq6rKS_fkqGPNWXAZA6ou7FdbPPIPlogrEyd8-fsBAS6PQZIPV-TtFBdNmSpx2eHAz4sLI9GQE45BlTcchXgQZJ4QgaXJibLbsTmMX4jpYwS4z2-ufk9YAhGg563FDVYH2I9HorpIWg1uZSEvVo1ymXmUxeGAw5KQfLgbE6ry1Jo6Fup5GE4qGQh5KzMv8wdX3RaY92DZzC_suEyFfGec7rMk3qbQJWCcz6aWtCISwkV0&pos=4&reqid=2Y1uyEbgquYr91oM&type=CLICK,99.000 ₫,-45%,514,227,4.5,263,1,4.4
https://tiki.vn/ao-so-mi-nam-tay-dai-khatoco-a1md598t1-thcr075-2005-d-xanh-p20534154.html?itm_campaign=tiki-reco_UNK_DT_UNK_UNK_tiki-listing_UNK_p-category-mpid-listing-v1_202303230600_MD_batched_PID.20534177&itm_medium=CPC&itm_source=tiki-reco&spid=20534177,99.000 ₫,-45%,514,227,4.5,263,1,4.4
https://tiki.vn/gia-do-de-do-tan-nhiet-danh-cho-laptop-macbook-may-tinh-bang-gap-gon-tien-dung-tang-kem-tui-dung-giao-mau-ngau-nhien-hang-chinh-hang-p120782190.html?itm_campaign=tiki-reco_UNK_DT_UNK_UNK_tiki-listing_UNK_p-category-mpid-listing-v1_202303230600_MD_batched_PID.190239114&itm_medium=CPC&itm_source=tiki-reco&spid=190239114,99.000 ₫,-45%,514,227,4.5,263,1,4.4
https://tiki.vn/combo-3-quan-sip-tam-giac-set-3-quan-lot-nam-dang-brief-aristino-chat-lieu-bamboo-thoang-mat-khang-khuan-khu-mui-cuc-tot-ac-06-p145266582.html?itm_campaign=tiki-reco_UNK_DT_UNK_UNK_tiki-listing_UNK_p-category-mpid-listing-v1_202303230600_MD_batched_PID.145266588&itm_medium=CPC&itm_source=tiki-reco&spid=145266588,99.000 ₫,-45%,514,227,4.5,263,1,4.4
https://tka.tiki.vn/pixel/pixel?data=Fdar83hHthqjAJWJ2iGZjr_l7l0K8LwjKejbuo3lud46bqEHxq7l_8Gff9yHtoanlECkXb1_cgqcKob4MrjPdbc5BmaaCpIlxlK6YLAdKM6wBLjFvoRdsM3OaMu9HOFGcAi9MjcRvYYFFxPAlnUA2NEeWHqJdvbPcWWH8A5GcRCDP0CGAIpLv_A2gMJ9tlXOaDhakZwYmI79LRKuk5OsO5IdKBFOuHKut7lvEp38ZewUgr6JhgDojCXZ4NIj68USQNc8dWgvptOqAI4i3fWTUOiQc6AuIwtEFHGf2ydImN5_0jpn3GUAVwnHuvLVZTzWZF3hwpR-ttEXXiqkyHya09T_SmkkB6ONYQREfVTLb9k8GixIAXkO9284fc4ZekbsceeEyIL_IgR48VBYq_rzJHQnYlD670XV9WiQNPxq7r8OEwyDq_XQg6zxia9yyN6mHVDql1zbMv311A2MDzGBH27R3cuw_sk5dyOq5aDJkP9UI6OtJAHENW-4wtPKbYzgn4RyH0_7R_9_x8XEoJjUhtlKvFxGjI-Y10e7SjibOqnzO1pkc2FtlIm0yE3ofVv8xpY5E0jg7g-TGF99har4vpRKULUScUleP-wOh_-OTW3rrhHgf2CH6j370GYmp4zfmYp8PdumxEBXyYk4DRMgBMxr5-LDET6qcvq7GJmoprYT8aHVlCG4Scw2xRJcQ2JWhZXkLQ9kowUXnyZtnHtARDtQMDBdWTPCQECIgtpTUtlf_dGbPG7QnzcmVPyP0pPCz4l4LKkvB6k6AIIsdQl9k2W9hrC9MCOV8BnKL6nmk-5xlvvP1iHVeB_x31gY5L6hsMk_39tGWsw16N4Yi_r89LQ6DuqJpkARW1giuiggY5nkhlPHB4rRWsKzB0DwAs8-AhvkCbsWMVpUqDbaPu4x1e0rMom7X_Z0rHUzhsMexHO7ElzjJapEGptCrEGrqI_AURL28S6drxOiP3fX3XVrb1jVNBRsuZ9da2Ijt3hxBp1_mW65rRZryC_2SZ6YOnC35p89ZsE20Zkx6cpMsRaIFsCYnE0VsQ7TvrrhrVUPEzYjxhP8nqLE-CHsBz_Sdi3DiVpLwIpYgf6pNaSpU5LO8AJgPtd_-A3jI06MCOyrI4AGBuLfglQXzMk9br8XZWL1ShivzdbU3ZKwoLJ2A82Ij0DKyz_yeJhWtP9gjVuIWZS4iqGARFvGyF789RokYDPldnWGJnqGFktv9VBmwcP2qB8kwRRmMIVSon3PzRxWik3Ot0qzwfFUuOOLF4SUywXW4ofmrPPrL5WzHPWsShBc11GM---kueCAAJH9wZMIEj5wLp-BNp3YpSyBXbbFFwkZLwqUItxBf3T24Pf8lx418StvqgCOEQxM1Kvz1NM34zXDFuxE3_LiYm9l67R4iz7C8SnPkEhXeq54xv7mQYz7be_OyoBRo5-GtFrlVQezLfRVGte-a6xPxM9mqaTeoDUaHEEoQxnwZCsGinPsgZRAlnQajkN3CdZJRuvQrX5cv1xV8VNsRTDo_KU2AakxLr58XgICo982wp1Jfjy1AuL8Oh-WxcOenX5ceq87lsStlil48bGxpkyTs3mDLuNpHKzIPKs_am4Pw0en1EtToXgnxgYTDeEG1PLX93u8X5s03wQEd9pbKg_HnSTxK37Nly_zruo99wUclf0z-UgSyFmn9glxytSVINyG6TfGvC41n4EDA2BYJpplIs5582m2D28gqLiVPH_PINm9mA&pos=3&reqid=9cLfZlAnl5QuMqyX&type=CLICK,89.000 ₫,-6%,398,1724,4.5,7884,1,0
https://tiki.vn/dau-doc-the-nho-2-0-hoco-hb20-mindful-ho-tro-khe-microsd-sd-hang-chinh-hang-p76067387.html?itm_campaign=tiki-reco_UNK_DT_UNK_UNK_tiki-listing_UNK_p-category-mpid-listing-v1_202303230600_MD_batched_PID.159854530&itm_medium=CPC&itm_source=tiki-reco&spid=159854530,89.000 ₫,-6%,398,1724,4.5,7884,1,0
https://tiki.vn/tai-nghe-in-ear-remax-rm330-hang-chinh-hang-p102782859.html?itm_campaign=tiki-reco_UNK_DT_UNK_UNK_tiki-listing_UNK_p-category-mpid-listing-v1_202303230600_MD_batched_PID.102782861&itm_medium=CPC&itm_source=tiki-reco&spid=102782861,89.000 ₫,-6%,398,1724,4.5,7884,1,0
https://tiki.vn/ao-thun-nam-co-be-theu-chu-ngang-nguc-bao-bao-p76695833.html?itm_campaign=tiki-reco_UNK_DT_UNK_UNK_tiki-listing_UNK_p-category-mpid-listing-v1_202303230600_MD_batched_PID.76695847&itm_medium=CPC&itm_source=tiki-reco&spid=76695847,99.000 ₫,-45%,514,227,4.5,263,1,4.4
https://tka.tiki.vn/pixel/pixel?data=_MxkOJv8FlSML8FSUgpf69--CX_ooWW_w3LWs9i86a2ezIv-usAwKl32lbwp_OLzY9vIk1J7wWWpmnooVbxoDecjlgztL81GjoiHcNzlBS1aCwYCP8YEZidl3rv1K9KIecknQn6lHCooxOQPSw-uHTJQaAFHItT6YkHerUiasjxxtH-IsgIPL_3xv_8lNyUfZzu9DoSo4pEHodrVHsBdNienf7KGHpmX7WXOR8L4fYy4zYQCUIa90osgVo3eIC6IIof9fxPYEgar6FcFaTDtyqiwwVX_Q8dXrlTs4iHhr0cTltz3chMca4X5YmMaHnCu3l4ZaVticNE0gK4noVkre-WYb8KnV6iICymyGZiK_-K0mXJnjsyj6DEF8yUYEOaI4MDFzZfuqySl6ltNf6DgTx2JDM1WwxFvK-p7jedqbPdWDOO_yZ4deHtvycAYwDrNDY-aqcTLcvFPBOZwxW38vHZXn0hqTI4Wn3BtJf9OwljYtAgXbnQpnRF7zfqycjs143R9KUqNIFagVy6ekzR7cuS4R5YxnZorsMzPZtLyD9nNFUNonazB_A1kd5AAj1ToHVWE5iVJNhF6DHVi720FcFBLz-YFX_vXs66ULhlmNNJBg-pBMGputzXO6swFrYmCJECOcMRvn-Nbvut536mMg5OYGbIc1DUPLtTh_WObOBH5eL6-9dzHye07gMcgXhM61mqChhcMNrIVp_RNmpJgPerz9tqiw_K_-yfUIqN5Pa1BZGAHIPv1XZdAGyd8qj9WqRyNwxVvk_shwFtblvf6PBsTIEqV3PsoPG4y5rbs6SBtN4ngztaLUiYLwXOikmFWuISTbGSkiGOqKRk-KlVIN6CRb_RBhJZVSGkehWg23NZZblFha4YunKhhQq2pHkVPD98gnYlRzHTSmHawiRTnjWNE3_SBQSjpr6UfsuvRTr37kiLqXfPalZL4ySqehBzaJTjreQm-RP-iBmyFeX4OdvEeMjHLk1mO0fTcZH1vuS0-YCRiGPX_Mv99CVSN1a7dUDnUOn1vu-cXVqUkngIDtLTaEfBcFV0T3w85BfYpeYslxfvyQW380VBN1ugqWvTUK1mIjUM6v7K6cjvMtCXOUwl-q970jvpS-cAJkaSymI3PKYVFvrrcscg3Mkkt70M_V23mtkAX6p85P_ESQOtF5aNoqHyEjqf1kIouh7xlSWrGYCeGEXeUzQFVnneTFJQCJL6zTDAgX6PPFpAWN8pj4gmSYEvktMAqEk4BOWTC4CPg4z5B_0TryJSVX0gBO1scfYyca094sp7AhJNuyVbkQ_zHF8fO3E33C3poNzg7KF23XMs4wQD1JMpyLim3LtFNMvGNeKPMhUkJaukvuPYRLm7TqY6DTNDsTrLbzlqQY-AgBzIH2cmWQuz8OzyjN_99tCHMOGTpFRp4hUnOAar-UbUgQHFLGVT8GcXB7Qiz_2_QL_DXfsY1QosxUz5PCBEcvoBZIf3yJKxXT1v1na_XBb7ehwQqERaowjJ9lJIZR7yYHmlGJG0YX3BBKwWrJQVJ-q9ynYHkb1m10WhnlKN4vjdS26cDr_Q1Upl92rrvhPWjfakSD_qHiX4my7xXNuaJSZ5szvVztEd928xpOL63nj5cGEkUvOXrix_ihUesaX53rCJJH9S9qVdRxZgbeb8sJRyj9UP7wqP-smzsfHvh-MhQ_mA_Llf4ZWu6wrWK4tmg4w3HsnDDB1jBJwivLnVRc_vAF-dTHH5AIkZyJ5Stbj_ZSpaeEMz7bcI5A9Gfvlp5cyXJE9A6UBCCnoFVjHzQH2ECi-Y&pos=16&reqid=2Y1uyEbgquYr91oM&type=CLICK,239.000 ₫,-10%,32,1370,4.6,6246,4,0
https://tka.tiki.vn/pixel/pixel?data=sSS-5ClAm_1gJAh-891Fb_pvesOpnsfLZCUkbcZX9tPbDjIxdQtJ9bCi2mhRWVt5l_kuRo-vhsBKX4G1CxDvII5RxAKMT0LqITrWZAnddd5J25LupZSoZZdzJG3XXzkR4-SUTMKrUGj0zFJw-uxdZcXvkRabUrQ8A59HpK3cjRp6Z2gZlRar9uQ1TsZT7LqCDDbDqYrmf0w0gEnIn3PNbSr_5FHB8UNdaZlMCrOf-7ji72lzyyWg-ewON4xqoG8YLVqiZrZiKa9hjcY1LqqNhtPdcJs6KdX-IUnB447QZa3pwlFmNNPnkhFGm96CHLl9GA4jWeEsmVL0DAwBpv02zHltE6wJqbKcjumUT9zXSzIoczEQQ4Fu7MwoU_L0hsni2E0R_j5Oh7TiA4e5CiV-ZsWIHY7TW9hIuz3Tkf-u0Uo5mk8u9gpOhWgH8aV5LV2l3XlYMUszAlEZDbD0NwRf_2Ceyd7tqmbcqy03YyTvWFhLOhxhVAsycjtk7w_cnD7quXcjnlQ5ZYHKV9l0XF3URY2GCB4KyAsuwALh06Rs-6WbscGyTbvwzye4frW2QEsHR0vumAhDf1CkR5YyfJ0YqFA5xurvv9T_lLxHo7Zr9VB7OJCljPJ-LI1rEMhOXgfeURNw4snd1qOoF4wAw-6MLXhx-cukGwdVkuySsxcjob3S66tgHl1ez2SYGN1nn30MUhfIEGpKZ9C7irwWw81qTBHucClcsnRL7AXBmOF4H2XACpXNdvM4xBSQRPhK7lff07ssCHuG4DOySTs7K_4VuaDr3R4jEMy3v_J0ZK-0RohbDDvj6Tu68udUtYyNY5CqwTm1UBKQKYZGpJyGkY2RHhKSacXvkgwkCkfXSuw9MarCMDsRHubcAebvMh2QO7Ibbz6TDZ4-UiRSz2Cc9ACJPSFU795khsIYWGtBaXlKO3sEG7Da_ku5eYmyktmhX_XfGWYXFbNghnsCSzyjfhNLvUbkeO-WagA61yjSL_LFdXvIg8u8vBYRIwY1EHrR7Rx29MWUHaPethaBFT4vJJV3ilWPls0NymI0dlvSCFCAaXMM9Vzzcvp4QBWl6-CoF4tkMILML7YIBpt2mqjWbb0JjeiDRg_IGM4bev1c8gRCk-6WAAmd0znFqqQKIDa2qMUkWuBClxdGFQemhRvGxyO0Mt0DTqIuN_xQiyeKubNCY4YeBzuuPUxjhEnDG5JHFEZwPyj-F1LC56Ifpm8ywkKTMd1dyqpZiCPI4fTWR9Udt7tN2l2giQoN_j28-DYzMPrl6R0b31D5OGkPmFFtiFgRVBVQvBeyG0whwbsTj2NA1c9E49fn50D2O99C1zfRIaJ4_UYKynQGnpLss81DXKxM9e5Ala_G0db1a1oqukboOIbIoid0dyeWfFVmthMQ_wGb5bkytD2IVc4rz77bX6bCE_a0_1l2Vt1r4_MiQgRGAIkV4egiilUE_WuQYGVe-XXSsewwrGuqauIIjCCSm3hC7EDPbIsgtxxNFg-LET-FAed__dORIKYB0v4ptzjyq3LKQoF2ZcxMRtoADjqdbb5X2V1kJrEK0iIjq_KAtCCimh_A7EkkvHc9-DKOVnBE_yeGevx8SlDmv9HvnFzJxehuhzRKXhIBlABsdSsmwC239-zwROViRhKkghvZhG28eLMWVnB5umHdLjcGwvEhZkQowRUTw04CQ1FVZX0gnMuEwdWtvEd6gaw9REc6t7vzhbC-YRPBO9OQD3s2zMdb1V-BQGPp_czD4xv9o5RDnsXW-r91QlRbzybizu3rHgSSjovADp_Z4w&pos=5&reqid=2Y1uyEbgquYr91oM&type=CLICK,89.000 ₫,-6%,398,1724,4.5,7884,1,0
https://tka.tiki.vn/pixel/pixel?data=nolTupqt3zZ3In8ed60FuRYlG0mXPh88FEQ7bJjug5mjYFIgYGHSQDVA7WtETOZcbxDOJkx8zceJ1XvrI1CqAbGkcyGpgQ4UKbB-45pPQdmT8pxMZLjJaJm9DFgT7YGcuhJgqk2ULGihj_-x_utG_lsoos_hBfNOsfB3knRk7xrRAcNPj4z6FTBVn_XecdRRXhHJOLpguL3e0nJ1ubmyvIZtudVQpD8kVfBbBbLr9RBtqHQjafUn6vyZ2Z3wyhtRshGc322_bDlqwrqU-t9B7jNtu-Vu0CGM3Lz-ieZ49CBhRiiP7rJSyz_JRko9G75xtnukFqC5nmiEsAARL0b7IbzGfAkSikiJlpfyFiVU3k-W-fxDn6T3-Rd-nkMFBXA_AQP7fss8KxwTWhDLYujoQOUbfe72GWGBlON4nv0X_J01uWZfY9dIz2-urjtujcnQ8uPsmcoCcwunOvoD6psT_ywKP_V9O5i5Xb8rmsUD5XYBymLzoDlBj9hxJS8B0yNw1wlUj9Sny4MgK7KII_1j0luP3wpPM9Eu-i60H4_tmo1O1qYPd7qgM48oZ6qWFS0RGLj5YTOXUDOclXs14FY481Yoh_73qDPbsRhTj_CAxYL2LggDl4JYh5trLek8qmJGskz3sMnfc9Fw0XK9z1APTdO-BFVmOqv5CbwVrxfOvqNXHTPqnH83L_JEAcpeKyBgj9Nr1nrU3SOIP958LyevjQ0kALKtkoRbquyLh3jlee16yAG7qU-DFPYp6jSyIJweG1MeYr9mD5M0j45mKAArt0UXibl0pSHAx75RJggDitvMAxgGanvN7sj8W3l2FVmDewIOACUBP-eogQztvqXlHTbRinnPZtGcJoplQO8zAzhDjGXQiGOd_nbaSLDzH7iBTdClMcI8S-WZ_DHiluT7n-Eftev8bvaCfQplJLj4ZJu46R4-p0C05Srzob89TxfI8cqclmNeeCPMgcwnVsO6CmhXWYZZei4nU3F2iI-lWc3IEuFicdx27GN_-8GVjusvQfzuJZN_jjyLnUcBf4mOYqybuspEdz9-c2n3a0j27f6QDzncik-f4wSMk0mY1SpM_jXhInqiIwm03eIvhHVXKaI60vsgFzbNxtuPcvHhV7czh5D3BD5wWN-YAXVpjtGym4oFCJozg14XUD_9QTQCVfTRg4wKKE1OBXSJA_OFmv3SuluPA1Vx_TJZ0YpOcXQ3Jg5hE2Hs4Zs0Lkr8srbXCZI2BwW1XyGfukf3jzebmuNQjMOQdG2VdVxh02RlZIZxu-L4tOImWa3uihyetp4NQoC5x5cW7zqUAbEpBvsM8XIlK0FcFRCqGzojDciRMH2HPw4dM7pXm5eK5LkHRSRWiPFXl6_cnwnqvo1xnzTHgqzwcC7HgN97ABDzN9yjEywp6Re91oT_0w4KHKznGrqasQY0SoPJDZSgKucTkFFZjB4rcOCo6tG5A6453gssrPKU31GjeBoapFDkXZ4EWA80MvMFam5Q6kreLuFIxmKt69EaqeoE2_-EzvQXXgtV1FbYbWZHC357k1QiqJ4x9dXR4boKFv8rNfN0ns5yZavj3viORs_0fyTV4-9xByBLMnoecraQxuzCvxaz-olJWTl4v-sJXbFgChrCE1zOKCjGbau1fppG0vsYlFvUqop7OWfeE7eh6rODVhFpeIC3PL4he-PZjnSjz62ifb7bGKI-VbLq2uHhk4gfwK_mF6Ce88McFnVh6u0K0JE4Hd02Mau6sw9Hku0VMTkAkgdTi17FCZ0UVzwsRcSpd43Gc383JmZArfU2guNhhOFHr5xbar87-DMyS66HkS-tD8Ua9tXH6ijdWysRpK79b7KBxxwBbrR9jA22x3zMs8AByq1rEjz15RXfEpVpLmO2lz1QbJnI6foS79r6cyP6TkbIinHDWCmihRTmU7v09mZXkJgYdaQdiI93ptEx4DFGwy8VWX-bZKcUiyqwH71lvaM0_5-wwp9I9T271cH6zbbIMGtOhyyZnrxEYbqvkLvmIKbzFv0FUn_QjE2HsXX8gRRlO6UGAqgpUrkdE_xpVLNgpm-yWuyJvZkAgWn-D5qUlz1zL56XFZkUydaZsq5SjsFIjt4Foq6oYnNLsGx9F_eT-QFcoEFUvCsLvcxlWF3jEcEfyT6XQj7jwsPX4bG6om-N91x4opkX&pos=17&reqid=2Y1uyEbgquYr91oM&type=CLICK,99.000 ₫,-45%,514,227,4.5,263,1,4.4
https://tiki.vn/combo-3-qua-n-lo-t-nam-boxer-so-i-cotton-organic-me-m-mi-n-thoa-ng-ma-t-co-gia-n-4-chie-u-mrm-manlywear-tang-doi-tat-nam-cao-cap-giao-ngau-nhien-p52184516.html?itm_campaign=tiki-reco_UNK_DT_UNK_UNK_tiki-listing_UNK_p-category-mpid-listing-v1_202303230600_MD_batched_PID.52184520&itm_medium=CPC&itm_source=tiki-reco&spid=52184520,239.000 ₫,-10%,32,1370,4.6,6246,4,0
https://tka.tiki.vn/pixel/pixel?data=0qFMyrE2xLllgv6YUo2O01HfYnSKcT_oK7etiQMsCgIK8ABI1u85jT15STWJgf-URSiJR1CsN1xu6DgvbUlIo-brmyFf9RpBXeS14acqDwYZRfyoHDGDUXrKeGwiIBg20Q07t9vv6xmcjZ2jZI_PyRBvNbER9necLPAqVdOwm5aTXCKw12H1HZqlaZISQ26mZ5VACZhU0Ro2ubsdFzh2ZIcAhIxwZP0I6g_62Wk22_gsg8utyo3X3JOnOUQTteoPyUz_YGOug-nrywWljMG6fcKFYLaVHssRBU8Z65l0eW3lSb-qD9yuOHW_XGOiZKaIAz8cy0VlojZZdbxdd8qGgzgug9U21_wFwGxrl8ZonvsQEWXPKgp7_FujnGIG8Oa21-aVBsKOLunc0Wlb7XrNMdyE7izVyg0GZde4my0WwoW4buCZId2MQa4jc4cjdOUYgthm9MeV1zWYmzHj0ZqyZeTCAQ1TaxaAN1YYwrFRyOSAeYh5nA4MCRkXDjSXkPsZlz5clBqmP5A2lP5728wG2c5zcv2sRIkoWi4XnJg1sGiA5C5QNZNcUBickob024Gomom3mVmTVa7jC4UYGDx7-ketZBZZmek6eAFpjY9MwETAyeESNM7ctbzbsWfJpSu_inudM4f7zBrtUX39C-5SuE7LkwrCAelSmMBsgUG0jrXylCky9zsHBl_-SnOp4yMsk7u5jmbqG3nqZwA_vdAoZLQLRxu2z7k_c6x-IdDqV0akMgJplstkiofinYADqLaZ6X-iuUoXY6-KEddgQll0Z8kSrv9EyXJW33if12ZoPWF6u_b7QVmp3bitf9oTUiz6cQ9z7rHDgU2ySiYSUhnwRTxFMfOjInNzIStdyTrnGyHnfFhLGoV44LsYWWj9d8dsI7Y1rqxDzmcsGj0OOmMRATk0SlX3f_tnfmHuUbkAid4UqkFaDQEqRS1mNbZ_pprHQ4mGxppJN36tRZ1YqiNA2GfgQeoqPrmU_vtw_DAMuav0Kz14Q3eG6GDXzS0xFcS5EXtSAPOR1UhjYeSreE_mC1g9ppaiQZ3_nVUzjIsmAP3WeTJHcwMptX9eAXLeagzEZ4JTorvBz26OTPwpyoUb01uC0HkvQTe_UmPr3IZxcAVhe9bOaKIaer2nV8Nd396FStStWeRIq_sk6vHLx72TomqguMiP5-I5Lq3fsvVFF3eEY6K92yXCh012gHdl05YF0YdTgwSrzPgTSa0v0eygGaa089LmWPpf238pS_z-8pTDtor6aHgkeLsEzdDFPbKLhX024OaV7rV_OaI-dbRcVlyVxpw4D7kwAfMhEQ0aPiQVeEdyjLWDMtruh5PxSNrgtI-kFeWsFeNI4PUjPeTdHXOW3cPD-pwW8yr5toemkoIRmV0by8-TvvD_VQ3d6NAKpceKdq5nOjjIELOgwEesLi_1zy2By-6arJR1B2aXClDtPi7_BdNDgzNF5G-sC_bgVnQVI1napkYJ1ejXRobtKv-UraW6PWjgr2gsbJN9tyWYe6W2LNiIMx3WRIP2YPMigiMdyYUM9DVsss7WUZiz4x93zlJ-0hdzqVgITSR_r0etd_Rf1nMFu8TlD0vCK6PPfQQKUXdgAObEwylKyXTs4ovzMAYY3snPLkLAzEXX6hA0YMXnPfSGLUu-8PAnpRMMgpzzQF0CQNCNOfbkYwXug_7hNEm6huEm1LpoNLcJJrmFUR7xhA39xEnj3knj10DxYMShfMLjcCie03wOdglHE9SpisPOYebTbGXNouSs09HgzVdI5kKhlE9SLjQneiEH45usx4E0vgC1WUduLWYBWWEbHjz6PERZe-6hwguYElKsHdn6gBUFzZ_7VGUQpFzTDVB1oRx2ZN6pOKbWxewj0KQ1LAjPm-VFO5YbTTgeQklXGhc2ikiRokFE&pos=19&reqid=2Y1uyEbgquYr91oM&type=CLICK,99.000 ₫,-45%,514,227,4.5,263,1,4.4
https://tiki.vn/combo-5-quan-lot-nam-nhieu-lung-hieu-citymen-p7599073.html?itm_campaign=tiki-reco_UNK_DT_UNK_UNK_tiki-listing_UNK_p-category-mpid-listing-v1_202303230600_MD_batched_PID.7599075&itm_medium=CPC&itm_source=tiki-reco&spid=7599075,239.000 ₫,-10%,32,1370,4.6,6246,4,0
https://tka.tiki.vn/pixel/pixel?data=xHMCyGtdzZo47iLNQ7giyh0KjVg9ezkLODIVjGYaL5dhehm9fbyqnxPflR1mbF7NlnEwTbXP71-XFrhtZH2ZBt0luKwA4ZDs4MLaJR7PXVncogCU9Mr4SMjYT09IK35t3TSH8rxzvEXts6FZV1fk3pScmfgWFuIQedl8pgs_N-n6rYPxmP6xGs5-GoRh4ohFh2R92ErLbnQjYe240q6j-EUrn6yV5olfHnUQ3zhTA-At_Gek_va8ggtP2oTaSsJftr9S4zlfQ6fqVf8e3mhnTE8U7MzIDDqc13xSErDZeTfs74tqYzMuyWXF3aUbz9v0RX2a-6ZVLIHuqqTfC5cUoDUlIZJBtP23mxcoHXoF8fgApm4RhvbPkg4qfnl588_F3Rnsl015ayvj5SdRHsxygtGazbwinlp4QSyvkU0B-j8EFvzXLnkHCfsv-TbVXqIGOPYSgygHDzfkrylHAgxqKv80MqjknyJzDkcJxpdUE4CaRNvXxH0IugdnsZGyZTPFBHkrYaZH32p8dq0zhxsZ3Ix8aHsPLeiZ94Sh6_gXUUmPiB0JfgzjsOBw8nqk5c5PkYK5ZPPx14snbi7Yn8NtCcj6_5RUoG3zZmPQ0Yw0BDvFuZ2HSrarvXHtWlMI8kNyntEeOziuVPDKvHDOh77xY2g309c-JD4TpGbw4O0hnWx9XQ4qACjxL4YuCghXa0HkcqgImZg0Hte5sLZDaqQ5gw2lzn1t4u8BNltJr3R3u0Gs3GPXopIhFsw9hLmb9Bq9P-cg_I2fULQthtCtPGg7qucEv8zSAYpFq-bd6wRM401f-d2kwbASq4D2jZm5lNqAOLtfeCTDugfLc9QM6WVa618cYtVW5Y7RSrba35h9rQgNY6aCOwVqQz5CAVPW0v6GMdOvk1P2tzpuVJvMYvzsI6A1YzpHD3MLe2rQJMDxJQowybAT3DPWkvnxVGxnuPLJFHUsMIeJFADRsWcA-zWFlu1mxsE9TfaULZ5DIgGps3-yxogCghxMkjFpQ377IO831e1w-ntOsFfh5TlOxUyLbKvqrup1z51UNwEPEOAqqV7Pcam7q3r-aFrfB1eSTalXafOgtmNmOv85dv0blJEZv6sut7xzHwr4_AeNcViFCjopXzGRJH6m6km9pOQxVhrGApzlppUGE989YlOTsu1yhvOoV248Nl7rhbKUtYOD6GDkN8xCRCSWhPEwrtsJTAtHARJGSkBvYT2MO7C3bXB3Yq40C35Y4Uwf3O1TXQarhIPLUML4MoOJ55HNgyrOlBWQUex2S-X574X7cps1LTGzlbFlKTshv47Xws2esGQ46cv_MBqR-GexmU3uSfuL1uwfisQsOMfQ8Ok9Jv91JGctk9gKk-s1yxTzGeS-jH8OiwPQUacAnBT6TzqPPeF2MIw02UqZgy0oxjKQpqNt6KqVW4gvB5tX1-datg3CMH0G3DyBV4rbeFz7hZwVulxewW_ysNOa0HO0BuvgicFtZKDNeNzUIK50LyR9EzA_mKPKSJ2FgXVZuSOAt-mHIXJMa9FV50DuLir3C-k0qCuEJY8myx1qgNp_WWe0KnsyLnzyXPPJCed2qGKDqZCAh1vvX4SXzuk3x6QXQUPefByW4gfrmma03fqrFeEdTLkgcyQxL0eowL-CPPbsQ1XSwZSO_8sNYOA_ff-p3ISvZA-VXHSZ7nXo9i4P4mHNpaEm_tMO15OzIOSlJ2hyjHUo3A9v-a_MDgI-m6tDU6LK3ckyPC2D5RWhRKLY49Iu59V5bVtpTa-D__55U367mbTlYgI0bJYpY_Z0wUbWRRIsGLBnomv7xA&pos=5&reqid=9cLfZlAnl5QuMqyX&type=CLICK,89.000 ₫,-6%,398,1724,4.5,7884,1,0
https://tka.tiki.vn/pixel/pixel?data=bKqfWORNmPIj8Wmm9u9_4GaUUDt5UM3tfB-kI6-6aqKVDCfr6nQRShmRYiU2WOb8LPHa7pEYSLNFhBeCvjO0ZezHY6pmcorxcZljGevoQnb_x3IQFLvEXHUKaDKDORARCpPTa7HE7MSMMOknD_D3WM4pL6RA2F0ClcCjLMPYFB7rMB1oF4IG-uMViAcDOQni1oakhzGo5T5d--ClFqgjylNO3ZmP_nrdYOQND1yi8NE1LOYPTLY_lATDca5vkJMQagJBJgrANcyK1IYu7c5X2IsTcs9XkoZln35PxlpwiZPg28Gk2pDgrvKUJ5IaRWHtzlh9YQV_SZNmC4V-b7ZM2XGn7_g9YoCPwqHTcJOvDiIZXmvWFQk16erVxqIYQGesRbD0qfAhsEOhH_g1bM4JqFM1YEU9DYmQOeIu6tiLe9R3lrbvQjmiqzgFzlqCCQNKlKOvw872cK-ONME-e7AQaMPXqEHCCRYQ_P1bgZhseTcs2uWQ2vOrHaSVVDxeGWpRiVtg_c6tqQXuqZrMsMjTCRBV8lzPaBZglFINhbaif8T11SXaikWRFsOt6bGZ7SIYJ5c1qvIYhjsUkhBodDl2m-4HmK8kFr4scCfz-b6Lr5hw72q_pstiC70OsMRPyUwK2K8rcqanXwc_Hb9pQZrMhipJYFEs6tea8Ku1iMok1BowbyL4GVVnvKZKjEf8sglL5_v6X5MzMf3FT4XAa74Jaj4sTatyf9ArjMNCXBgIjEc3_FQancbSQ13uP2EH5CtRTMZzkBh0ccB4nHk4Y5Upi_nIEyvFuvRdUFcYA0ikygH71l5R-FyM3cu3NhbDgsOictsPx6qCUNs-t3YILQXOzrfNJ2YG6X8sydW9ZEF1lhyb6vWQpGYUIf5DmBsmmNh4j2Dmd9xnhxQgOYgBYgWTYvRyEVcUj2TktbH_UPCDanU4Pm6FWvYQHC7JaBNaUQmUs9hQ90fC6o6DrHp0hQ951yzF_3gTtNAZCzsTZ_kNGfM6lz7-86IMWFlaJZx2dalNSTbfsGC-ghi6bqvaHRJqIgNj9nTm-B1vGSBjTdlW11ztvI5UudB4Hf3k59TMBmfA0GIV6HOCWgEzKv-X7IGFt_hGfN4gDjBGAjDv476EWCROnjcC7vmlRxCaGGkzc0gnuAwBUjaOaiqKzd1zVwi1EBy5kYJ2doumm1LxX34OzGdKXoqbS90Wxx3SDfUQvC1cYjLXFliMSqdG0nYzKXPFJWKGNk2C5P8RobyqDZRloCKIsejvpPhjn_s1kAVg0a8_vInNmVP1_opsRLtxX3TZ2k8Spto7FTQxDHAjnzwk7J_Nzj0UX02bWFdKE67JMjw1f_4Wa8WwvZK48_e7Ix777MKxv95vyxRWbUDUCVrXj5GmIAbGQDh9zun9J3qHVkqIeuHz4PGVdfmo-28LOLlJ98fLeb-rjZmDIzRz9LukQ3o8aynaCAe5Uanld-FJJmLiLl9C6F-VHfsJ6VthjYYdlOI0IbpL_6i4XG3kBXRmIiN_YJW6g3z6IeOoa0t54X3eotmBjAW860VuPXVnonjs_ZhFC3wmomjN0LkGJgqopoFEp3UDtEJwNVNoMgUDsh1pGcD2LZ3qY-RPzLw3BvVB0t1kCNG2wZxrKmkxdIA17WKogS4wTBqMYcrhmXx9IKlIYgy4jDPVHnvK4sD7dNdg4USaCxCCo4G-4X6KNeh8Rjc1axY32c1lxD--HEHR84ohJtZLVLKOvT4avVq0l8quKaCXPtxQ9CG3_N-DDmc2iHH2QkWBMX8zvDIxyRxw2omcjhiIjJz8qLOKNC5rYwF9pe0Hu3V2OqWsF4_EKBy-cNXKI7JhdtrXG08zrgKTDFy0&pos=1&reqid=9cLfZlAnl5QuMqyX&type=CLICK,99.000 ₫,-45%,514,227,4.5,263,1,4.4
https://tiki.vn/quan-kaki-nam-khatoco-1-ply-ong-dung-q2m468r1-vnma011-1907-1-p30763890.html?itm_campaign=tiki-reco_UNK_DT_UNK_UNK_tiki-listing_UNK_p-category-mpid-listing-v1_202303230600_MD_batched_PID.30763900&itm_medium=CPC&itm_source=tiki-reco&spid=30763900,239.000 ₫,-10%,32,1370,4.6,6246,4,0
https://tka.tiki.vn/pixel/pixel?data=PHst8-M6V04AiaWfchEQw9ssH2DUP02lK6JTbXSLHh3gc9ZZJiidWVgiYo5HO9_OylpXUfvxkfQ7puBdKd4oJAR-R1cOg1D-cMwQDp4UZyER-9GLAD1h7vc0YOWYrqVLeuINTGzcXACLvWAv8AX_oyf3wyqsbTAbQ70vj1LTmBVqQvPmGEBuWqpTbrJZYnPP5BGKgOWRttVKINCv2Jj6Qu_b5RbHMHvXIEk1jDoPQfNLw_ebda7xa4ivrtAkG3tss8TY758tj7MVNwPoVPdinjDxFDmYmMMeBXmsV7mQHfmOsfL6fQ0GSjeMpQFzFZWffQ74hc4ZedJZWTv3HeSoxTYEUw7HRCLYlt76FpKM2GXO3CYjJrObDjEOvS5BJwAgLjcHSkzSm2f2YrpOZhuSrIUiCunEpVqh7wKJB0v_K4P2Alo70NOIgQsQpZcnIOnoJszPby-l1Sq6QY6z3gtD4BwcyfXhu5eclQ9sCKdRtNzPLERP61extG--wuhoANuWZzx-rtwhfhzUk7DW6AVTLG4f4LQoqBUV5saW1pCs2virPDqztgSxhIrj88InjmXu9mrxAy_XDnueCfXjKuP98bPGcBmnumJnuI8JevYuUdshyBS47kLzaCLrWx37-Maeor1ivYr9JLPqXcEEVQ6y_jPOrPVkHmlV0RMxQpNdmflbf9Z4ZWL2QgShxcBPTKW1FnlSgPOkeJnH4QNKrZOR29QmxTcaV9RttxCCOPZ5Xf5D_Pt2YSltOjjBsbVp8nHiYWt5SvRQIBABdlZU2YJz5f8P54jMUmyeQU21OSZ-H5nrLHfE2OM20JbcgLJp0ab2TKpLkyUY4-0-k-N6LUWylrKfdCcZP2X8Fyw41SSS1cITNLt6jdyReMKW76My_1VLstVdKuzhwtquJoNHbkvn6yM9HhVZ-dQ2BzEssebG3W0jRAOApTQOdAe3C_uBgK1KA_AY-1t6S6Qo6hDJ43NcwCO9D8lAAnIOm1gArA3yhm-rKq-KP2w4SwqXUEkTonB7GS-9x-ZlnxgkPO3tiPijBnScQs4KRtPZd_WaLn_fNcd5SsWdmSaTDgK7R_YvZGubwgGSWmzIxSmowFoTo2XXgwFIrVesuN7R03CWSAHJF8nnMvxiKieIUOZ4Qi1r3hfFarmDYjF7c-3ysPra95KICt8JDUEnSN1fewa7BOCl8-8B3zW5dNJaFcIEmSMa07mzmoSefKnNPkrlN4_kdAmrqjERuom-4qmoDEfI3-ZoqT1RKm0GWq2t6kpWgXCNds4QDOnEnU0CC-jjrXgoSRTKVr1XAzR-gUJHd5NvJaue8I7rc4DPALrtxk40VJ63tXUw9LdAYdC7vMCc9nQ-6v-X7xigN5K7Q-Nc1L89AtsCg5bL6qG6t9gWVWHEcDCfbxSEy1t3BLzhYh3mM-QqgOySwxXuujK4pOElNaalZLNIsusUIYbgsNcoedyfsuaGjzXGKI-0sSoMdZfZvlwYeqktw66uSIIkHSs6yVfWIs6mPLg9EPdWgL_SaU9s-dEGvtuIfDZ_5ymYxr_cvh_jwEE-kp1fGgMCPuF54PPttiXig5ZDX3kHE-9n0f4wCLrslmtwHwRxhnf7UR3GTqGQqBe4ZbDx8JEh3ytv8JDW-FS4TxH-DvEif8IEBHWSzgBj-bccOFk41rLsn0HpbEmPMHIvwPb37kTw7nAlr0IEz47zuT9HwyvL88O5pJY63I9WHWRtdgkMP6qrz6JZF81apTK4xNlOybE-yVPHSShZ1ZLOmaej2mOe3KI&pos=18&reqid=2Y1uyEbgquYr91oM&type=CLICK,89.000 ₫,-6%,398,1724,4.5,7884,1,0
https://tiki.vn/quan-khaki-nam-khatoco-khong-ply-ong-om-khatoco-q2m528s0-vnma001-1907-006-p30030428.html?itm_campaign=tiki-reco_UNK_DT_UNK_UNK_tiki-listing_UNK_p-category-mpid-listing-v1_202303230600_MD_batched_PID.30030434&itm_medium=CPC&itm_source=tiki-reco&spid=30030434,239.000 ₫,-10%,32,1370,4.6,6246,4,0
https://tiki.vn/ao-hoodie-ni-bong-unisex-homies-lien-mu-co-tui-in-hinh-unfl-ao-hoodie-unisex-nam-nu-ni-unfl-studio-video-that-tai-shop-ao-ni-bong-ulzzang-unisex-nam-nu-sieu-dep-ao-khoac-ni-co-mu-tui-bung-phong-cach-han-quoc-p146265626.html?itm_campaign=tiki-reco_UNK_DT_UNK_UNK_tiki-listing_UNK_p-category-mpid-listing-v1_202303230600_MD_batched_PID.146265628&itm_medium=CPC&itm_source=tiki-reco&spid=146265628,89.000 ₫,-6%,398,1724,4.5,7884,1,0
https://tiki.vn/the-nho-micro-sdxc-sandisk-uhs-1-128gb-class-10-100mb-s-hang-chinh-hang-p177334663.html?itm_campaign=tiki-reco_UNK_DT_UNK_UNK_tiki-listing_UNK_p-category-mpid-listing-v1_202303230600_MD_batched_PID.204900519&itm_medium=CPC&itm_source=tiki-reco&spid=204900519,239.000 ₫,-10%,32,1370,4.6,6246,4,0
https://tiki.vn/chuot-game-co-day-logitech-g102-lightsync-tuy-chinh-rgb-6-nut-lap-trinh-nhe-8000-dpi-pc-mac-hang-chinh-hang-p201308561.html?itm_campaign=tiki-reco_UNK_DT_UNK_UNK_tiki-listing_UNK_p-category-mpid-listing-v1_202303230600_MD_batched_PID.201308565&itm_medium=CPC&itm_source=tiki-reco&spid=201308565,89.000 ₫,-6%,398,1724,4.5,7884,1,0
https://tka.tiki.vn/pixel/pixel?data=QXHutFOige13dmypDrRCR_LjU2rFpPHDvk-CuFLgtz6z6Me8WAtbA47ipPnIWKec8eUODX0pzpJ8hvMxHiwzHO7e8X6Walvwwx7TgcMEBP-k9mczXuY55gD64J_7lEbVBITtRpyET38DBb-JrX8ZvC7_KDMsfUYGlda66nxO0USBh8Qy2GY8ssFoLRDAWB1ZVs-nkJFV4lph6jWlo9Hfv8m6uEHziwWI997oBhWp16df4x7p0kOc7ht7gd2-4lO8BP5O3Lh8pGATyDYK_2JJc9z711FS1gU-O7N40YGSfkFYy0ZrGlAx5tpCeERoj8ti1IOwvv86KkQ5Rbj4J0kittzl_JWxRkLzvIfTr5MaCCxpJoZX6nYFnLvKGOP7NtxfC-B2Kiz_lM-bV_17QoA4cgJj5f86FBoowmMwCBstQkbnxQBNebmV6xjciXyAIlEEzSnLdNDy7g_tOnZzPFOQzijFyq6xknAA_q8BRqtaZvgh9mDk5lIiC4FkKMHezpel3PvrZWRO2FE0eGEXycLwO08t0XGA_YfNCKgYNLoNOCommeOpeq0Yz0khOf1qkH3NZNLOmoejamO2UFsXmWhkm5f7vWDApCKIfWg-Js-j2nlVruwiP9CcBevXs2oOciWxryPonpV6A2i-SxfkoLgCvsog9P0QuRjUPH5LczBXL7_yBOz9lm2D2XROLH4121GeYfzHu3eEkMTnma53JuWlZXjRWohilgG0SDFkUZoCuXb2W4BiEGePFuAyV9lP9cGT3qp1qiAoviKN0O8BDeeFvv3OEPlW6dQmcaId-0mJvgm7NdZLCC9LQANAR-0-XCbHopXF--ukJJy6l4O96AgWM5i1MmU1uKKZTHPEu6ACXMBNnfEidoFY6C081xYAQC7or0LPRX4HY4Lnz3EqXfMzwZ-M-KNQvdIFKcDhCB7uCluXLpU0vtp8_GuAPNOXI0HdDsGWkQSPVIqey80ucIJjtETpoD4dywWjc-pvXQgxpAoG-ikUkos_XtSWjEcc_08IVAz6zDhdY_wVq32I-roGR_bVJjTH8qAkEQLcDVrl-3svU1b5Ux0Lq-a2d3eJJiR6veR8mposYGeqTbDwNEX4SKwS3MSUyMyRObaQAR1kzM4ZjXSsgmbkCE7AYrFsyffWlCsbY5Z1S_H-JtLR_LsRR8LSHiACCSnv_rVSRMbzCMjIuJosbpQJ9LMcSmR-xdUf1fZls6yIdpfmK-LSueuOWihQ_Ty4MPnzbBrXKz8RSuPCUgbL2_8yNLN1N6MxAOHXYOz8A2IYJPnUM9eOsGSE1bk8P-95-4fD5OkVsoXxtFDhUfy7oaaxqbDhJKd-IxFjyBrHyTyJJClfSOk9NTbmdiGLsxSIdDJ19D1eQySbZ3tygaLxRmZ-IcDzBT7mjDG3rbGIuE6fLM-tseh_Z8QuWrjWLKY8ZgUIeW3lb7r68gwual0XRsPlf1dBTmdolx7EdoEqdu9Hz-bsw2NIX0wjMLiSP85Y0zR4HbZ49BJsRh3P1UjSWZbfvDNDJ0twvBfPckUqcggo_wsgBFdbUCtl47ANh5FXdWx_vxRoH5KDpzbDVQNwtjqqRd4DNnbD_ryPNVTbw1oZYAnuVgVgFOYD032XPNwkAPd7WQZNHJ_sFfio4Pg-shMll6SCewJvVTNNG06W-1LNgbZiM32FYTrbFSnDGeQhLrpT4HHQ-7PeRnkUfm_5_hL233plRwMb4i_Fh5vj8eHxicQbi2QQ2J2xxtazZS-CKedlZC6mkgydAoBnSfhuk_5jofiw3BFtAChk41HBQJbWvHMLzzf02iRrW4OGTIIX4Hc&pos=2&reqid=9cLfZlAnl5QuMqyX&type=CLICK,239.000 ₫,-10%,32,1370,4.6,6246,4,0
https://tiki.vn/hub-type-c-va-hub-usb-3-0-toc-do-cao-4-in-1-sidotech-bo-chia-cong-usb-mo-rong-ket-noi-chuyen-doi-cho-macbook-pro-laptop-pc-may-tinh-ho-tro-sac-pin-ket-noi-da-nang-o-cung-ban-phim-chuot-may-in-thiet-bi-o-chia-usb-hang-chinh-hang-p143957287.html?itm_campaign=tiki-reco_UNK_DT_UNK_UNK_tiki-listing_UNK_p-category-mpid-listing-v1_202303230600_MD_batched_PID.143957289&itm_medium=CPC&itm_source=tiki-reco&spid=143957289,239.000 ₫,-10%,32,1370,4.6,6246,4,0
https://tka.tiki.vn/pixel/pixel?data=86RYwSN5KTDSNQVM9r8DEbQfTqPSk1Jg8g3qHpdyp9WcGsdia4b2Hy8u1JIqS5EO8EVOOkim621s4J-7-NayHnOO_ObYmI46_IcGH2Dmn-LMt7z2OkxEnSfExbdzFLAOHfz-dfNkGp-8SFQCHyl4RWllpxr6ph8vrS1PYWzg4PXBLYR6cdKD3PmZg-CgmxIF0vjE_lB79SNSsO7zmSYCljeXJyW5ASh1tdibubeSWHJBIFEQcQZktDXOqvRYdLP5olUuFY_UV6s8creU1K3AThMvDtec6caX6vCRzRQRKNCHuqIUhS-aasNKV_2qn2NarGBEqZOzf541rl2cOa_vDK7g80N0o3MyQRNF45cfy_qHIehsr6pGr9KLebibcBFitI-3t9eB7Vplhs9sM21bcEom36s5HwjiA8ZLE6tNDopVmdD60_9rMKyfbk-FOzwycu7zsWUmj73gijmcHA4uPOzcGiBwMmgIxfQIJLIEg1CIE-C0scRj8wkjULs8wE9BlWEidqD1NVOX_eYRA_HWGi9SxIrJvn2BiJy3ZwQQl6W4p4cqJgtX2MnK7h8wpC5exxbkbmnt7eIgJpjy9qoyoRKyjVodO9OBKoc6UKlyXh4hWoQ4hILAEthCvrfwJ1MDRNZI9Lqw9V1Sp5AcQvdOxohl0DfE1-6TyBO-Z8gXKb5Xliaw7YQ9dDWcghBulkyzSFXBy6MwbMnGABibECF5sBdiwMzUQNYyH5UBT0ZlDeA1aP4XEXV6OxzfpKwUJGZugvFJt3ggiPzS9JSWT8R-6suK5jvqbgTBqN7576yJ3ZBmRPl5xINYMXqIL2F5aKcsHxjlaH4i7BJ0EvNqHKp7hi8xls5jSMBKfEq9iLd5pcSf_pZ2yUYhj9ddna18UXZr7KlsBoLvyhqy6XUDmDqhf11q8Djqd4I6nry02cdSOYtbyc2JRAB-7KWZay1Opb44UeWvJI7Ez3smb1asMpJ_KWri0VThtV6kYk8WE02cXx8ECSpv1vMXF3EwhOrmA9FTQHCSfXIOwOVvcX4J2UHAxhX9b-HJgUbD7QiTdNoWB8tMferqYPmaazyC1p0Sn9KkQd3i5vm87-V5bejNWBFAE5Wyivqnhj5ECvXw0k0NvVEBiQdfG7EmxlOZ4pvghrX4tGpjhC6qNcjC1xBDPgis9Z4l67bJ6w7eIQ_exY3nnFh4dMMjV_6aqHHv5EM-mjTBc0yA0Waf0D_RBOL39mNPJgHACjCPHwJxPo9QSs6DUdffEaxlPjVVKMpRzz0bfiT55WJw2mUSODaxkXm087AodwSPoke0rFYrLxHVgUkAl_UOg55BwUXUIslzOtmhfxe3H-KvatyF2WsQ5XocTzXkehoM0Sf8eYs_26jEh4knNsia1jP_PFZgoOpc4yI3jB_w70t6S2btUdcSdE6RAD1V5lBm8XbbO5oAihkbwSyiIOe0JQz57fzKyfY3dYAGcrtKn0S1Kb21iZiqFDlK71kaRHjTuOMTSc_iJFFrjk8O0F2Bls-okf5PfFLxFCgVTJ95dlO3TtNHCLWsKOdjozkFf1VVMoM23kGbisniIQNeJM0XXMwQEK-C13Sli04YmdafqfiTvU-vcbTfqxk0RLCjX6M9MJxIYh5UKsxUVbruSK1CjlfnpAX8lkTmgik4iT66gZ-Xh4Ia7nEvSYxy7Tdn0JhA2YFBwj7qP9MOgjFPyFefVN1V3_dDuY-Sm3fnd7t-zBDBM0WfAnH-U8EtT2ml-CpUwhPZHYOwQ72tdtml1EMaDerkozplRZTBT0nych6mbwe6PF9kYZS5OUz8V4KukpoabO2VHY4ZKxhVcn7BpP5WP-F68hx-MkGGprYwsdT6&pos=20&reqid=2Y1uyEbgquYr91oM&type=CLICK,59.000 ₫,0,56,832,4.3,39,1,4.7
https://tka.tiki.vn/pixel/pixel?data=c-mbs-z7eGZvnG5W8lCnrsOPQYpr_NJoXjmIX-0mSZ1Y_1WCerHWzXWKZ8YnJU6EfPpDdRPRLUgAIRuTHjJ8mpVgeSyUFNhwPxmFDk-bIDQ0yLkxyZuuTdlvotVal-kGz_rrTkHCz1UOtBWG9O1onddR2XR2rt6nzN7N0YkBLlLv7mjqQzyFFRJFEyBda54r7pDspK2boAwXst8YGEq94nzpNcMacVLnFzzxWyzdWyCCjQAAes6-PqOiYuJTIG3goGXyPa55qxLnZYmXgzJyqnl8WjVt0zFE1qAEz8ORFJOCyy_XaHMZKN2NbJoyoiakkBH6fPkOK8Qtw99TfL9lBZfG61bHQK9ok_AlkrBZF15sVndza30HpMJ9W2ZA4dRwP94IKBzo3LCyXEKrcNri4SAfxC0X_GO2UZY_ZBTvKC_xwaLPREwL-vQgbXYJCPhRyz565HRDzSOJJpmtWYv5suDgZVDPJlVmWWdS9iLMxYX5qXK4WPsBs_s3MhgqVfWnHkhfhFjFDmgtyWtI8YG5EyIfOLybuNNvyEjCAmb2fQQm8uZDWImyWeR9OUgQktbplIz9Y6fSOHfEGw5wy8WQRf_k9p7iswSckpyU9egHjYXhgADDIuqKBq18pl17f4gL4d8tJ8ew3Csp70KcF7Mdj9oHKUcH3-DnM0Zkrh3BueOubbo8J8uuSIdQ_OzeAQttRyVP-qweSv1KqsbJSLfakm68ELimDViAQSD2_Z3LI1SkvKLn6RnrSswDBa8EjibBs33dWH1QvnCV15sitCJDYcUIHuGB31r6wk3ERaQNz-bIdyPGD_oizTDS4uGH6gBf7CPU_ues34c9d-3fLJyl8lzCtEUeZo1iNtbx8JbP-JBerjoIUK4b-uDRrjmzGQr6K_fKc4g1JL3bLThmbvRypqmyy4Xnb4mNkFrlkLZMVH11H4Z2CZ1XO8tvjNsl1aBVHhILvN32BiNqV_RWgl8964-KX2Pz8A0U6lthWYSDlxwPT5hAdjlRBYL3K9mVLlCGCsVOD0JVO1hwKCAq9A6gZKxK6WKFQNxFZOlu2QT8BWl3IMEuP4ey5jRdaRdtKQ4BbQsD6Fr8k3M4mgkSgLN5v0ioj-9a9wkJ2CDtlHEBEex09aliZxujgdXgK3y8hr0hn9yuX3wxXzI-mKk32J-laAp8qKwsN0qAYlAikYI_yMi9TnRls-60CmNx1o3uNq2WvjCiGj-WLX9-DJRCkyQ_3fUlkZ9DrDtac_YAaFe_2L1IIf18CRoOHU9DS453rXJCLNgiA--a-Lxkmnq-5IQe2xXEm6K15V9SptVPFRKHKnTBSqtjFK_K-56zNrV4Q4u0f24HS9IEG1Fc3WCm4Cf9pv16th3yekFefUpwzv0hGLGDYyoOn8vr0PYhrg4GDlLwIWKL6cAeBQ6Wr0w9eSMStMgEx1FwSlb2rJkKdyytkqKUgeuocGeYysJXG8KrJ5pCDpi4J1OO_E-VZ8To99D-BMB5AzmYQGbB1S_IrNhpvgPJmFKqvHqZ5c9HMQZmqzOaC20y1evFkkUdzjV1gO0WxLeQbYnUIhBMZNd6lIPQZxr-eA8txhRD65eFAboiDYoupSLNFLN1f2y2R_sicjeFuZTqIEbBxS33AI5nhrwzm5rxvewEXhXBNhicbnzVs9bVZBs94yDrDPE52JquL4gWmXW8fQblRV0FhdtJkhEM5qfl4oq1kuj7oqH4SZMEqiJZsaXNX27DpXYw8NtIRTA6zE-dltaapVFf_DFzUmacHp2fZcYUV5JJe0Q6tXlYhBv40B9hxr0n4k5O6PV5An9_Op9q2PfF6A8SWdc5-jc5RebOMpLqreV03VGKyvb-Nt2Eu3flhyvPfhjvZ-Fp6Q4C2Cu-Pldt11NFLM6Iu0poa-G-mH5tnl6QVNZxsFIPbNkjareMh0p2oTdWQwE17YbB1tqgYos7ExQO3yzWtUxuqWpOYK10bC55536Zmg&pos=16&reqid=9cLfZlAnl5QuMqyX&type=CLICK,159.000 ₫,-28%,426,226,4.5,5222,7,4.5
https://tiki.vn/quan-lot-nam-boxer-citymen-nhieu-lung-cao-cap-vai-thun-lanh-co-dan-4-chieu-sip-dui-nam-giao-mau-ngau-nhien-p214736111.html?itm_campaign=tiki-reco_UNK_DT_UNK_UNK_tiki-listing_UNK_p-category-mpid-listing-v1_202303230600_MD_batched_PID.214736113&itm_medium=CPC&itm_source=tiki-reco&spid=214736113,289.600 ₫,-26%,246,710,4.7,2969,4,4.7
https://tka.tiki.vn/pixel/pixel?data=CWaiaqgNZXgHFa3H94o9vZ39N3lrkT0QGzddqkcO8rphlVEuVQ7fRIZWdR0ANXlwZBcueQMhYZTymzXTn6VnwgwuX9vD52Vtlq4rUapNL7mYImjT4_pbAij2aicMWlFSK4yVC91KSl-V8WuweJLtTGvtBH6L9G_nPDmuQDMH8XOknCGdW9KRnYBFZYu_jWEPLYICmuoocSwvwcs7Gbm0O59tNjLkk4aw-oNYYOAj-pwou2v7tMwDRJyGiYQPbmRIlfVLwympD5K4B760vXQJmnSXTDWLm2EoC5VZLane1azvKaMOmr3kWZ_ak8jhNc4t2Or8nirul4hLzoEjTaStN_jLK7Nfps3SM_BJeZ2rdD88se12UMkwGAWoMRMLOM3KBM_ztDeB-IBpsGdbcUIY6DDiO0V8vYm3EYceE_WxmFgTmojyfNx5QjGOGXL7UT5uAW8dxUO3bWjo0hwYEAzMLNZq1AwHu_dqzzZjBRUrwHh7dc_pF2QQ5uJyRUBLHEzjDqZoAnff-DsC5Cu_ou0TvSIkRKqQ-eiGMOuo4xjsrr4y56xorHC2f9AH4FgozYfWWDd-p1ry6Nep_TBid8cM5lh6O2CzDtUYqH5DmPcO5uBDNGdiL4j97XDqwFjFF2W9tJz6aemqZPCIcfWUdnNSv2zC0ZCct8xoM5fwFAdkyWYmGVgPDcpcdENDGn35sLhuMreNTBo3p18NvgXB_QNN1cIsa18R8vQbHpfY0PX0iIGlDzLZkFleWDQV0xUWFuVWAPy9uDZKH57eB2YG-DVm_iF_4VIdIvc9UtAnB7qsL9X1bR-KymlQafF1tvtEHt1G8kskjyA6NV4GA4VQy1y_sXm8pEFSCyHIJo1sL8CVflzbtDu97wuGE4sKP1fMtckgtILLBiqrHs7_DZwIWTqNEqb_82KIMTqPMUVMx4P4f6SI0gb4S66O3QbS_gDifnOv4xXKjIbA35wBrG-Qujkn8i3KreNQv2nLWPCE5CLPc0rC806_6F9OT_lBiU4DM5a3FCfrsxk4__VraOXb81lSrmpeKg8IpcDzLdigdzRErUhoEoDx6DQ8BLVl1rTx7Vdqrtkhb5YVZQopeFXUBJLYPxSp8TTKgsJNB72PQDn3Bj-gvF-6-gLWKziPV8GM_nv9wi052GYVcoe4BRe1NqWN0GCK_czzoNFzoVh0nyBeb9y9Sygsfs1g01QHQNAiOTK12pSS_pgi-iELsUDIx1X-HIGAHVBJQRcfwVMYL2XxloUXR--O31UIm9mSz1XbC0vcdv_wU3dXs1qSDNqfKmTFVy-5CUINObc_cf2S5APLub-8N6pVEtS9VsCuB-pasPBkSQq4agxyFMYh2MSygteiMWC3nvJwuxId__Bu6e7FkCC_aXFY42nSEw5dBTIUysyuH1d7Eg9x30CrbHloi49-j9lOVUsRbV_EQYPepx2Pb3PmU2tKAHebk1SACbu5qz-EmFcM6X_X2yKEuBI-6Z4p0Mz-WczuNOMySvvLf7S10TV4gIneuqf_5mbsbLOA3SvL8O8gfb6oEEpKyYgrwM1jxX2ClxYrGaiUFMUxsHf5aG0TmLdUBVuhVx5kXrxg3C9Mq4H8nf9SoEv_G4nYOwgHkwxJL9MMLeqozOe6aNHcBWl09_uSMNeidt-U6LkhwirbwWeDiNTjdLaW3rPU-Lw8OPwpLv5vZI_MI4yxfQV9a5RddR5xYjYYTHCUDIJX8RlPQRz8aFM5cKzYMgHkYRxiqQh6jIeDeK9tQSuBXbr3dRmNEcsFK3y4uArtePxA81KOyvpO4J_sHHRNiOYF0A&pos=17&reqid=9cLfZlAnl5QuMqyX&type=CLICK,239.000 ₫,-20%,96,453,4.7,5017,2,4.6
https://tiki.vn/ao-khoac-kaki-nam-hai-lop-simple-cao-cap-shopn6-kk35-p16712370.html?itm_campaign=tiki-reco_UNK_DT_UNK_UNK_tiki-listing_UNK_p-category-mpid-listing-v1_202303230600_MD_batched_PID.16712385&itm_medium=CPC&itm_source=tiki-reco&spid=16712385,222.000 ₫,0,48,124,4.7,2662,5,0
https://tka.tiki.vn/pixel/pixel?data=wPYPkTGFjttmPqdHD8bukaiv5K6y84mC-JX0ievFGKY-jBlPS7RSYK7mImk_w2ODxlVI8-ZvZpDdQNrS9sQOeIaHpkPXx-JM7T351xmTJwSFBlqydUvqBtRDD8GDoZyKT87zooRwYUwvMDChvVhyUyS9FIPWHzlMB165HNSWKzUM9efmFfwzjnLAtkPEBBrzGKNIaVtvd0EXyiazG5JDfeL7DIZ46O7T_cqwM3IGJBaeLJ0nzys-yLYuT9Fd1IqkFYERalvjMe9bThmqZsgISC7r70sJGbG98l1gRJxoVQALXg0qAJvrCFdXfk8NnnFqTz1yg9YPQSFrhKUWCOLI1i0tJ1pG7Tf5N6FaVoMw6XFYBqV1GCcFGZq6tm4jfW68EkQRfLhA9Sn_XXVY0WBMmFBdMcuEVsftYyCtvYsPG3p3F8FfSvAxWKGzdHM81yU6Y_h5ivIPiD5lm4pQHx_WpDhxOhDhl1MPBBNSl46pxCnc1UA0JtPIGY5lCkft0ig_sPaAJ-tVjF9nb9ghFYpyZo7RQn3_RoGLN4NxgBn93lkAWv1Q7GJYDyE-1kEpX30cUWRd1_r6kQuRxJazu776OUz3xs7j4M9ZRAdfJubJp7WaXWL5kjQbZE7OgNeI2cojCbWRJ4e3-XwJ2SR_9GNQDCzPusf5Ab29gWVvhjHlkHE0Ov7yzOl2Uh7rJRQNOGu3g_I2KoQFmcRVt2-MqrAQ7dlv5JNIwc6kvVgko_aDc2IeagRhlbetZSb2WVJbDfL2lv-jwDse6q0LWB0YNY_-bwfiiFzRvQ1nZkDOjw8I1L2yRvI9ozqYEyhQFZd9wGyAeJMFtDDuOgXSgFB0urOZrqObFnsc3s8WdZ7sjV3UPAjzAhN3eAj70n1hnd4dbzmmUD5bQLHlqo0vkv7HmDp0ik1-hX6N5io5wF-lQLMq385E-2v3thD4KDrppc3XMyRsCAHfTF41hXObhEeQxY6bJWWHHRGQF2GQub5o33jy9YNlPpMlFQEw757bznrXaQ4cr9i7K0AyGDxwiQzS7HPMdBb33y6sArLteZbXY5aVMwwwnbgo3e63amJhgm9x1fdvC0bktyhGxDOnyKAMy-GCKoTpq7MHECPRzFVkOyWV8CdCevJMJcu9Ni0uuigodoHwSa3YIrf80fN31OlH80zagz4T3tyoC_3Q-3yYO-eooFARyduyUz2KcFwASlXhGnmR93rzAq7ihMammxSHYJ4Q5oees-TwIioV7eDfuyaNyFm7mcRu2obVVvKNKyetaYSI-gNTHXQFn8iVksMtIvx1ZqQYAsoZMtiPgkiqAivG0B_IbaFki2mJvbAaiv9QHXav3Ctmn9YPNKjuz-yRhmLidzR_zbnnnMbQfFs-oc17NjmUJWZB_p8cpfYw3TJlNugjz2jCwgnQwqwC5pXp5HdNzlcG16mxzv_TuDv67VGRjlTTst_SPIROyzgSjEBp1o6XQlqWgi8t5bSSP1GfPbqTgqQY-1go0FZg-b2Jo35cjlWwentQk9Sb_AjN7rUPsDonAGsR-C9bqJYSkmF1BIgk1oabnW-eR305JqGBW4DMAvpVLlQvQyI-wt1BRpe3My72X9h_txJ449Nwcg6zN7Ztp3H5Fhusg-Zy67-0Uj4i9YdH3pWif5Ux6lgiiSZSPGqTIPgDjYbCw60je7tvZsIiehFHJ_wTw0gDIO5pz9xSnJ4RrvnijGWlAIwSxSk85kIPOmwZs5i6dxwhZH_nR-RKx8C-FwZbuE77bZcGChgm8NVBlW-NrWjKKejqHT4raOvc_GHJpZTGDZFS7yRPRGyz8W6dQrNIVTz0Yi1s4LdldHax7CzrZcc&pos=18&reqid=9cLfZlAnl5QuMqyX&type=CLICK,179.600 ₫,-25%,39,120,4.7,953,3,0
